Malvika,Cary,1,20,Prestige,WVuaUtaX,11_02_2016
Bob,Nashville,4,21,Mulan,VkbUaEna,11_02_2016
Karen,California,0,19,Mean Girls,MZmALcQl,11_03_2016
Lily,NYC,0,21,LOTR,kpedahRh,11_03_2016
Ellie,Winston Salem,2,21,Tommy Boy,QXePdFSI,11_03_2016
Natalie,Buenos Aires,1,21,Across the Universe,AJFrJAhX,11_03_2016
Hannah,Greensboro,2,21,Thirteen Going on Thirty,apfMUOLT,11_06_2016
Sally,Norway,3,22,The Godfather,sIMMWtfR,11_06_2016
Mary,Raleigh,4,20,Mulan,RfjfNhAI,11_10_2016
Lilian,NYC,23,23,Harry Potter,UwdhVolI,11_10_2016
Margo,LA,3,25,Harry Potter,QVrcEBjM,11_10_2016
Malvika,Cary,1,20,Prestige,epBlsSTT,11_14_2016
Mary,Seattle,3,21,Harry Potter,WYwzfLbK,11_14_2016
Lily,Raleigh,4,22,Mulan,dwgQNCVz,11_14_2016
Malvika,Cary,1,20,Prestige,UVmELpEo,11_14_2016
Lily,Raleigh,2,21,Jumanji,EFMhwtPT,11_14_2016
Molly,NYC,3,23,The Godfather,umvKzmCr,11_14_2016
Malivka,Raleigh,3,24,Mulan,eKewEsRh,11_14_2016
Malvika,Cary,2,25,Mulan,ilMPVdtg,11_14_2016
May,Charlotte,5,26,Ariel,ncWHeZsO,11_14_2016
Mary,Charlotte,3,25,Ariel,AjnGokqF,11_14_2016
May,Farmville,4,22,Gravity,lWGhdfFm,11_14_2016
Mal,Cary,2,24,Ariel,pCIrhYqo,11_14_2016
Mal,Cary,3,24,Mulan,jaTbCref,11_14_2016
Mary,Nashville,5,23,Mulan,TRaiqofx,11_14_2016
Sally,Oregon,2,22,Jumanji,BYSJpPCR,11_14_2016
